project,cve,cwe,hash
memcached/memcached,CVE-2010-1152,707,32f382b605b4565bddfae5c9d082af3bfd30cf02
php/php-src,CVE-2016-3132,"710,664",f0168baecfb27e104e46fe914e5b5b6507ba8214
armmbed/mbedtls,CVE-2017-18187,682,48f7a5d724ade2cd0ef1fe5c0fd357bdd213f54b
armmbed/mbedtls,CVE-2018-9989,664,d4a56ec6bf9bb0e7c7f3179aa7fa6ea0b99aa9ed
armmbed/mbedtls,CVE-2018-9989,664,59b9fe28f0cbad04e3af4257b50656b69b7aa613
armmbed/mbedtls,CVE-2018-9988,664,efebb0a394d1ac44a86519a06122f41234d70278
armmbed/mbedtls,CVE-2018-9988,664,4bd1284f590c5e26e78615af08d03ac6d8ea6494
armmbed/mbedtls,CVE-2018-9988,664,29e1f12f6b1f2de0c5444b1e28523efdfea5ac96
armmbed/mbedtls,CVE-2017-14032,284,d15795acd5074e0b44e71f7ede8bdfe1b48591fc
armmbed/mbedtls,CVE-2017-14032,284,fdbdd72b8b7f072414876ec63aec9900fcd47784
armmbed/mbedtls,CVE-2017-14032,284,9dbaf400efd241d9505f599a90dafccd6e82aecb
armmbed/mbedtls,CVE-2017-14032,284,e546ad4afdbcc4f2f1dea97c85f9d82ba7a99138
armmbed/mbedtls,CVE-2017-14032,284,2cf5a7c98eff6796f5bf4a474c48312b52e7b339
armmbed/mbedtls,CVE-2017-14032,284,a83e4e2bf5fbb8607b292b6a880c050e3429decf
armmbed/mbedtls,CVE-2017-14032,284,915275ba78309dd0dccbda1c0035b840050ba8a1
andrerenaud/pdfgen,CVE-2018-11363,664,92ffc40a0bf6e98d6d50dee879b3ed13c379b8be
artifexsoftware/jbig2dec,CVE-2020-12268,664,c3134491a3010fcce440a45968407c6511766671
artifexsoftware/jbig2dec,CVE-2020-12268,664,37a6758bad72796bfa2422fdb951608850b994c9
danbloomberg/leptonica,CVE-2018-7247,664,9711e6e846f7e6778a7ed56fc7324a8303836497
danbloomberg/leptonica,CVE-2018-7186,664,cef50b2cb3a8be397d81d4d32388a3918374e1b5
danbloomberg/leptonica,CVE-2018-7186,664,316b85bbabfbb1072a9e3b38794c732aa940af4d
danbloomberg/leptonica,CVE-2018-7186,664,a9adf23592525a7cf77d23a62ffafc7ae5677aaf
danbloomberg/leptonica,CVE-2018-7186,664,468256adb82ba8e3abc76444eccdc96855b31a1f
freeradius/pam_radius,CVE-2015-9542,664,c2c2b9c4b0571f4e6050de78ae8fd813d1be7431
gns3/ubridge,CVE-2020-14976,664,8e1f1f59cd21b07542d488cc6b0c33c7e88c1be3
imagemagick/imagemagick,CVE-2016-7522,664,b41f080d52a5ff2d9c235cffac1419b84028bd31
imagemagick/imagemagick,CVE-2016-4564,664,9cdadd93510445e657e40e7877f2d85279683049
imagemagick/imagemagick,CVE-2016-4564,664,8bedb4edca01599dfd0612cb0daa35b09c67d736
imagemagick/imagemagick,CVE-2016-4564,664,341d2ec5994279dcc8dad238b75fdceddc5b0437
imagemagick/imagemagick,CVE-2016-4564,664,5acf702fa2aa906dc44bd26edc57023344e8b77a
imagemagick/imagemagick,CVE-2016-4564,664,151b66dffc9e3c2e8c4f8cdaca37ff987ca0f497
imagemagick/imagemagick,CVE-2016-4564,664,10a6c61544fb48d72f29ec8f9573bdcd52abf1b7
imagemagick/imagemagick,CVE-2016-4564,664,0245b5d8db153787bddebd170deaa51b23c5f939
imagemagick/imagemagick,CVE-2016-4564,664,4c08aed51c5899665ade97263692328eea4af106
imagemagick/imagemagick,CVE-2018-16644,664,38fb2aaffb2013478c6a48c7264ab0b8095485fe
imagemagick/imagemagick,CVE-2018-16644,664,ce6b1224b32707d1eaeb77be461f76fe4e245e04
imagemagick/imagemagick,CVE-2018-16644,664,e11ddbd1db03b2672c50a072930f76d22848916b
imagemagick/imagemagick,CVE-2016-9559,710,b5be932a981d49ab719b6a3a04041df3a492e4ed
imagemagick/imagemagick,CVE-2016-9559,710,2c992db0525c6bfcc8d10b6bce3008ae91ec2be1
imagemagick/imagemagick,CVE-2016-9559,710,e913961573cd6c95fa84ed380a4ab920663cdd78
imagemagick/imagemagick,CVE-2016-9559,710,98ca0f530ec4b2cdf478bc7cc3fe0b2ddf94b2a4
imagemagick/imagemagick,CVE-2018-16642,664,32cc0db28a4b84a8624c4da69b3f0c2c89b1e151
imagemagick/imagemagick,CVE-2018-16642,664,ccad00b02d1242dc1c039f9979337e00f69212e8
imagemagick/imagemagick,CVE-2018-16642,664,c82a27bb8e3138ff9bbf0f696663bdf3e704cede
imagemagick/imagemagick,CVE-2018-16642,664,acd2ed254c18c254a0ab5aafa06d1645e5d079d8
imagemagick/imagemagick,CVE-2018-16642,664,ed2315769b26818ed9d0c1291dc0457f0d8da0a4
imagemagick/imagemagick,CVE-2015-8897,664,46ff2676b1044ea4101ac7a59b83289cd8f6cfda
imagemagick/imagemagick,CVE-2015-8897,664,13d07043243e0c8c151aad7db5240b75e76ca281
imagemagick/imagemagick,CVE-2015-8897,664,b5d5f725fef80ff5d50db3111c05a1a521b81e7f
imagemagick/imagemagick,CVE-2019-15140,664,8f3d6011cc3fb59a22a21e767bad14e889930e4e
imagemagick/imagemagick,CVE-2019-15140,664,32fa22a7d6b9afa9c21818f94618a90c85316c2c
imagemagick/imagemagick,CVE-2015-8894,"710,664",c9eb04ca2174d8500f59e7e3e32148069610223e
imagemagick/imagemagick,CVE-2015-8894,"710,664",018f07f7333b25743d0afff892450cebdb905c1a
imagemagick/imagemagick,CVE-2015-8957,664,6a59acc8bd967c85fd2c8a343c31c71dcb7c3f07
imagemagick/imagemagick,CVE-2015-8957,664,ddcbde65cf72da283471304e1df31e4ebb99bbf0
imagemagick/imagemagick,CVE-2015-8957,664,e4a404711bf20d9062d11ab28bc12e5acd307f9c
imagemagick/imagemagick,CVE-2018-16641,664,b40ea40a35b8b5d011b4543bcfb8f8adfc9bb581
imagemagick/imagemagick,CVE-2015-8895,682,6fef95b1594ff2b0228a0b25cbb062943d9e82ce
imagemagick/imagemagick,CVE-2015-8895,682,3b0097d3a6a4c56cde046a2fa01c6c419f2e7f91
imagemagick/imagemagick,CVE-2015-8895,682,841f915b32169234a3b1f836ad54eda3e8cccf2d
imagemagick/imagemagick,CVE-2015-8895,682,501a11e6e582db752c80a35d2444e6a689a400ad
imagemagick/imagemagick,CVE-2015-8895,682,acdadeb3e82041bda23251110ca13ffe9e9fa58a
imagemagick/imagemagick,CVE-2015-8895,682,e5292baa905de5dbfa377409d21853f622cd2c1c
imagemagick/imagemagick,CVE-2015-8895,682,a321eb7fb3b35eed694d0366543450d023900b5b
imagemagick/imagemagick,CVE-2015-8895,682,4e09e0312060a073162b0e5a796495e61fccada5
imagemagick/imagemagick,CVE-2015-8895,682,f054ee74c237471da2f9be084079112f3c89669c
imagemagick/imagemagick,CVE-2015-8895,682,81af570751f5cb9d11c0aff036d5776820bdca51
imagemagick/imagemagick,CVE-2015-8895,682,aff6d807f839a998fff6e87198f2418868ab508e
imagemagick/imagemagick,CVE-2016-10061,703,3d7f80646114c797310e86e3360ffe876b7b9dcf
imagemagick/imagemagick,CVE-2016-7530,682,8738cd420a7b8c6e9a9e00c57d203e2bdb0e7af3
imagemagick/imagemagick,CVE-2016-7530,682,56d8854d35f28716299844f42f9d42a7b4395938
imagemagick/imagemagick,CVE-2016-7530,682,c9672a94adef17dee351f074e7c9915405ef29e1
imagemagick/imagemagick,CVE-2017-12427,664,5f6f01c9161e82bbcf876100f7b233b5aad4bba4
imagemagick/imagemagick,CVE-2016-5841,682,ef069c2d90468c58e889d5089bd9b4fc55ecbc3f
imagemagick/imagemagick,CVE-2016-5841,682,1fe0b879964fa7797e3d68574d297922a47c4034
imagemagick/imagemagick,CVE-2016-5841,682,26c14ef5bb3a1d60b5644848812f0c6c35cd8347
imagemagick/imagemagick,CVE-2016-5841,682,9f4f3548063f1758389aa5e53ea5dba8383c9cf1
imagemagick/imagemagick,CVE-2016-5841,682,1715f7998cc7a3ac9ab8e1d367f8c6c9ac7c3e6e
imagemagick/imagemagick,CVE-2016-5841,682,d228c03fa334bae897eee6c2d8721fa48e1577ba
imagemagick/imagemagick,CVE-2016-5841,682,4d14d5934ea878baefc9c0f63386515e4aae9aa4
imagemagick/imagemagick,CVE-2016-5841,682,5f06bc16f4dd3a2c1aa2d8e0f2d8eb6dc1a0049f
imagemagick/imagemagick,CVE-2016-5841,682,9d314ff2c17a77996c05413c2013880387e50f0e
imagemagick/imagemagick,CVE-2019-7395,664,5eb9e15c1c647644030240d8fd9d0805e2828342
imagemagick/imagemagick,CVE-2015-8958,664,754c21577805b3ee321b10778681ff80a757c0ef
imagemagick/imagemagick,CVE-2015-8958,664,01daf94e30f244893cac0fff34c4aa8705ffed25
imagemagick/imagemagick,CVE-2015-8958,664,22a6f21a09bcd0a9a23ac917826173316f90ef6b
imagemagick/imagemagick,CVE-2015-8958,664,1aa0c6dab6dcef4d9bc3571866ae1c1ddbec7d8f
imagemagick/imagemagick,CVE-2015-8958,664,b8f17d08b7418204bf8a05a5c24e87b2fc395b75
imagemagick/imagemagick,CVE-2015-8958,664,0fa1546bf351bd6a459a5ad9695e49ebc592ddd1
imagemagick/imagemagick,CVE-2015-8958,664,1f30ce48a3cc192bc67b083136910f238db5794f
imagemagick/imagemagick,CVE-2015-8958,664,815b2dd3ef1f43a602ee1d6dfe5d979c98946c27
imagemagick/imagemagick,CVE-2016-7520,664,ebc891a1d9621a19c509200d7bf3470ca18dde7f
imagemagick/imagemagick,CVE-2019-13296,664,e863c054d49031af35b73066f5394af223de7df5
imagemagick/imagemagick,CVE-2019-7397,664,2ad9ed3b3247fc96a47d488cd40db2f63f08d4e3
imagemagick/imagemagick,CVE-2019-7397,664,bd40cc5f53067322861b881485cbd70f509f3829
imagemagick/imagemagick,CVE-2019-7397,664,0553bd5babdbdf65b95f91ed401c98fead17ab54
imagemagick/imagemagick,CVE-2016-7514,664,18c0e4dff391a0a98e7f478d0d86bbd08f7708d0
imagemagick/imagemagick,CVE-2016-7514,664,e14fd0a2801f73bdc123baf4fbab97dec55919eb
imagemagick/imagemagick,CVE-2016-7514,664,a41d97fa7de942f144af6cfcceba24c523775c54
imagemagick/imagemagick,CVE-2016-7514,664,11a06d3f2cac0f17af7963e83bc6e9ebd2a377c0
imagemagick/imagemagick,CVE-2016-7514,664,17f11b056210f082a6d0e54ac5d68e6d72fa76b2
imagemagick/imagemagick,CVE-2016-7514,664,f432c635c526259b858c9aad3d409c5c44545686
imagemagick/imagemagick,CVE-2016-7514,664,d9795a19984ae1bae9205b7c0fe5de75461978b3
imagemagick/imagemagick,CVE-2016-7514,664,3d9f5ba107b160e1819bb6baeeb3a9f521e9f450
imagemagick/imagemagick,CVE-2016-7514,664,374b8ad2958410591db2e8c42e9b65ef89655e00
imagemagick/imagemagick,CVE-2016-7514,664,af6eb93f6c4778637c09a41eaa5a3e541836a622
imagemagick/imagemagick,CVE-2016-7514,664,b6cabe8b75f4d9f9b9903f23ff2c0e39d7f7dd60
imagemagick/imagemagick,CVE-2016-7514,664,dede49f1361cdf0a7aa29aa281b6f6e9a565f0fa
imagemagick/imagemagick,CVE-2016-7514,664,3b004088b80d63b528724a279531806703aa9ea0
imagemagick/imagemagick,CVE-2016-7514,664,56ed31cc763800a9fb1f0df96104c354b40d2cbc
imagemagick/imagemagick,CVE-2016-7514,664,a20214eef4b9c5e1797527b0a6273899a9062f9c
imagemagick/imagemagick,CVE-2019-13299,664,803640d20a6a664315eddfff6f8531d0c5e0871d
imagemagick/imagemagick,CVE-2019-17547,664,492b1e98b1d9b5b4172802f45b288060f1805f98
imagemagick/imagemagick,CVE-2018-16323,664,d9a8234d211da30baf9526fbebe9a8438ea7e11c
imagemagick/imagemagick,CVE-2017-15033,664,9950d57e1124b73f684fb5946e206994cefda628
imagemagick/imagemagick,CVE-2016-10066,664,134463b926fa965571aa4febd61b810be5e7da05
imagemagick/imagemagick,CVE-2016-10066,664,2174484dfa68a594e2f9ad17f46217b6120db18d
imagemagick/imagemagick,CVE-2016-10066,664,e1c94d9d25db6b0dd7a5028ffee31d1057855d73
imagemagick/imagemagick,CVE-2016-10066,664,b05c534220753d20f28f816e99357d4a930e2a86
imagemagick/imagemagick,CVE-2016-10066,664,e275ada1a7f4f90e73328c35e9f02464bafed8be
imagemagick/imagemagick,CVE-2016-10066,664,a492593efccb08b72392d64966b5c7728e56f16a
imagemagick/imagemagick,CVE-2017-9098,664,13db820f5e24cd993ee554e99377fea02a904e18
imagemagick/imagemagick,CVE-2017-9098,664,b64823d5e9d6def353c863a1464867f1bf5caca5
imagemagick/imagemagick,CVE-2017-14174,691,13663fd5798bbad267eae51a08da2dc8d40ef62b
imagemagick/imagemagick,CVE-2017-14174,691,6661998e7693ff84516ebb520a8db0f262b2444b
imagemagick/imagemagick,CVE-2017-14174,691,87038d5d4cc04fb99d6560ae95f3f07a87563323
imagemagick/imagemagick,CVE-2017-14174,691,245cc757e4d673ce07b090b09064951f3d029896
imagemagick/imagemagick,CVE-2017-15277,664,cc3a7e7b06455f06fd2497d3ac9ab73efb5c20c5
imagemagick/imagemagick,CVE-2018-16643,703,29a97ee49ac5269ce55f483da7f4345f51aac885
imagemagick/imagemagick,CVE-2018-16643,703,2d6ccc32baf7e3e71a566f4c55ac9342ccc9b5e0
imagemagick/imagemagick,CVE-2017-11310,664,868fff35aea4233c40dca33989293cb5bc91601a
imagemagick/imagemagick,CVE-2019-10714,664,d55f5ceb934a4f8b8b725330943b02e28145b855
imagemagick/imagemagick,CVE-2019-10714,664,fd7794d7de6a481fc3086fe496c95476fd473ee2
imagemagick/imagemagick,CVE-2019-10714,664,edc7d3035883ddca8413e4fe7689aa2e579ef04a
imagemagick/imagemagick,CVE-2019-10714,664,07eebcd72f45c8fd7563d3f9ec5d2bed48f65f36
imagemagick/imagemagick,CVE-2019-10714,664,d8bcdf1138d422274359da8d775514dee936495a
imagemagick/imagemagick,CVE-2016-9298,664,1a295fe7ffda4878bda19a21162e41f7890a4365
imagemagick/imagemagick,CVE-2016-9298,664,2d830eda5e2bbf51dd93c2ead7e1cd4291530f73
imagemagick/imagemagick,CVE-2016-7534,664,c4e63ad30bc42da691f2b5f82a24516dd6b4dc70
imagemagick/imagemagick,CVE-2016-7534,664,f9f2ff451b98b43ff5606bd46e694f61b6401d1c
imagemagick/imagemagick,CVE-2016-7534,664,1f9852b2b9c0c623a972174f720d8ee366245e1b
imagemagick/imagemagick,CVE-2019-7396,664,2cab95f4a237d473e771cbf691fd29b6c969e221
imagemagick/imagemagick,CVE-2019-7396,664,77f78f717887854fb1198e080efe31bfe32f19c0
imagemagick/imagemagick,CVE-2019-13298,664,8187d2d8fd010d2d6b1a3a8edd935beec404dddc
imagemagick/imagemagick,CVE-2019-13298,664,0bb4457b290d708d48bf35f667b810a0195fcb7b
imagemagick/imagemagick,CVE-2019-11470,664,bdc73bd6d6dcd7ccb156530a096ee739cd9e9a27
imagemagick/imagemagick,CVE-2017-11522,710,16ea139d53d867211d3bb0fa859a83de653f687e
imagemagick/imagemagick,CVE-2018-16640,664,6387479aa974709d5c329c8efbde38175f386844
imagemagick/imagemagick,CVE-2018-16640,664,1c79788fb05b29478f6aa53f6ca518eb9197c8f5
imagemagick/imagemagick,CVE-2017-12877,664,b76b2ffff70f2c314a069ea953f4a45b1e2ce5e6
imagemagick/imagemagick,CVE-2017-12877,664,9df12af3fd1fb7caba5cad600b5b84e10773b9dd
imagemagick/imagemagick,CVE-2019-13301,664,84a30c031e3dd4117a7db00813bafc911164a06a
imagemagick/imagemagick,CVE-2016-5688,664,acabb847a592ca5e430c1c0949d03acfc0b78bb9
imagemagick/imagemagick,CVE-2016-5688,664,74f7d4186c9e083042541fe6c6fd6d2e6b8d73ae
imagemagick/imagemagick,CVE-2017-13143,664,1bc1fd0ff8c555841c78829217ac81fa0598255d
imagemagick/imagemagick,CVE-2017-13143,664,d9e30a4e766944973b4531f0b9debac7a0eebb85
imagemagick/imagemagick,CVE-2016-7515,664,b9123347cc2cfdb6816ef31d663d037dd52408ad
imagemagick/imagemagick,CVE-2016-7515,664,7131d8ff451a1d5163e7e35b7a910df80cb54fab
imagemagick/imagemagick,CVE-2016-7515,664,c6da28e61bb609d2b2cfdcc7752106c973415edb
imagemagick/imagemagick,CVE-2019-18853,691,c6c9ed32eca003383416914f03d79f27263499c6
imagemagick/imagemagick,CVE-2019-13302,664,61135001a625364e29bdce83832f043eebde7b5a
imagemagick/imagemagick,CVE-2019-13302,664,1042ed2a43b6a660a6f6dd803e1ee79897da4c3f
imagemagick/imagemagick,CVE-2016-10060,703,3b2e6070a35b22f22409cd27951bffd5d7e29807
imagemagick/imagemagick,CVE-2016-10060,703,5216f82250f6a3a9fe652a6534a46e0a69f5c6f7
imagemagick/imagemagick,CVE-2016-10060,703,afa3dfccf9f0ded9a96e7cc8afb47687595a8dec
imagemagick/imagemagick,CVE-2016-10060,703,fa1e43d6abadec9f10938d14052df38ed570f99f
imagemagick/imagemagick,CVE-2017-15032,664,c76e4e14db2a02efdb26be2cd8c190beca68683f
imagemagick/imagemagick,CVE-2017-15032,664,e2c4f18a7274c0c5c6231a2f3d73741a87d583fa
imagemagick/imagemagick,CVE-2019-17541,664,912eb73afb7aef98723e1ee0ace0c9f78898878c
imagemagick/imagemagick,CVE-2019-17541,664,04d6eb1cddf88b971dc878e6e530b94be4696737
imagemagick/imagemagick,CVE-2019-17541,664,f551aee9ddbfa42697efff3f370db1e6203acb50
imagemagick/imagemagick,CVE-2017-17499,664,07f84e72b205d18eb8ad35380af95351d9f0a1a3
imagemagick/imagemagick,CVE-2017-17499,664,77328896b876314656427663695bc7b2c9be3f74
imagemagick/imagemagick,CVE-2016-5690,710,d483c4680af84815a38eccf4abd739f70f9e57cb
imagemagick/imagemagick,CVE-2016-5690,710,e27293e706ca05b6b121e9512a83b16f7ad887f2
imagemagick/imagemagick,CVE-2016-7521,664,891df41d828a641db63d8bae45ca027d0e28341d
imagemagick/imagemagick,CVE-2016-7521,664,cd0817764b65f779425ef95dfd90abbcf76d0a46
imagemagick/imagemagick,CVE-2016-7529,664,101ab708b0574518ac5715da4d3915400e9df79a
imagemagick/imagemagick,CVE-2016-7101,664,7afcf9f71043df15508e46f079387bd4689a738d
imagemagick/imagemagick,CVE-2016-7101,664,da16f16767eb31921af855f17bda465fffc4e000
imagemagick/imagemagick,CVE-2016-7532,664,94b11835effe9f2ded8638e50db5fb7acd92ea0b
imagemagick/imagemagick,CVE-2016-7532,664,3a37efd7ece979e9c63dc8f2f2d3816bab8b1156
imagemagick/imagemagick,CVE-2017-16546,664,8dbbd491d8f9d1db16848eceac8451b7faf3e4a4
imagemagick/imagemagick,CVE-2017-5509,664,cb613e9727c63201aeb043564383bd5b740909a4
imagemagick/imagemagick,CVE-2017-5509,664,419e5adbecfc7375751e7ac2ba30be0b1d35690f
imagemagick/imagemagick,CVE-2016-10065,284,3b8b0b8b150e3f9bc338bb2c01af291269987f81
imagemagick/imagemagick,CVE-2016-10065,284,b0a657e13c4aefba39c51292005427b47277869d
imagemagick/imagemagick,CVE-2018-20467,691,ecb31dbad39ccdc65868d5d2a37f0f0521250832
imagemagick/imagemagick,CVE-2017-12876,664,21dc0310cdaa5cc6034a1e100746706f5ec089eb
imagemagick/imagemagick,CVE-2017-12876,664,06c4f034881895074da3f4e4f206ba06429f042b
imagemagick/imagemagick,CVE-2017-12876,664,94190b79d7abf8261e3a1af37aa7a7f86757b2d6
imagemagick/imagemagick,CVE-2019-13303,664,65d195e5b3cdbf4a62270f403597af41a5d4b1b3
imagemagick/imagemagick,CVE-2019-13303,664,e8e8eff5f2414d6096195a41934fc0edee9d9212
imagemagick/imagemagick,CVE-2017-9499,691,b6781acb6da0bfccd07e5f91f5793cdfc38672a0
imagemagick/imagemagick,CVE-2016-6520,664,cb190b747d69b577bca26a551c1227ecf2995ecb
imagemagick/imagemagick,CVE-2016-6520,664,7d4aa38318c20a4309d855f45e3744c9f300f697
imagemagick/imagemagick,CVE-2016-6520,664,a19f1d70e9a9f88279c4ecafe6dfafc1f9a09599
imagemagick/imagemagick,CVE-2016-6520,664,f45fec7942c9d6d02cbd672ae8ad245f7ba967f3
imagemagick/imagemagick,CVE-2019-15139,664,dabba008c570fd2fc25d6f990e65d0db28c663c7
imagemagick/imagemagick,CVE-2019-15139,664,c9537454d3b34b8516f5c16fcb78ecc6277380b5
imagemagick/imagemagick,CVE-2019-15139,664,08e9a113db499034abb5ad8d59b42f8eca3c641c
imagemagick/imagemagick,CVE-2015-8900,691,b84ca11ed968d83c68c046e85f0c29ef60212efd
imagemagick/imagemagick,CVE-2015-8900,691,03533f2c0a4746924d8aae185e28e5a364b9a2dd
imagemagick/imagemagick6,CVE-2018-16749,710,17a0a5a2848ba87a42f0acddb2b6c45959eb3443
imagemagick/imagemagick6,CVE-2019-15141,664,293a6b4e8f833b26924501ca21dcee93de62b004
imagemagick/imagemagick6,CVE-2019-15141,664,1d6c036f0388d7857c725342f7212b60e39a14c1
imagemagick/imagemagick6,CVE-2019-11472,682,de6cdeb607679d30f6ec4c3a1fbf15b6a21c240e
libraw/libraw,CVE-2017-6887,664,7ed16d4d5f039f009dd84e99f98ee5b7f2bdabc8
libraw/libraw,CVE-2017-6887,664,a6b58744e331df0824bc11939cb70fc5c49894a9
libraw/libraw,CVE-2017-6887,664,dc7499b711417a8f547a9087466147115d121198
libraw/libraw,CVE-2017-6887,664,597ad1baab7ff36f0140f897af6fc86d71781004
libraw/libraw,CVE-2017-6887,664,7b1b8241bd8acd4826703492dfb9ce2b625453ed
libraw/libraw,CVE-2017-6887,664,701847c3da8dd447872074aca94d6cc7bad4c2e3
libraw/libraw,CVE-2013-2127,664,a667bb32cf9c8a7e553af91e25f84303a5caf7ad
libraw/libraw,CVE-2013-2127,664,d7fda156ff7e54f1b93bc24ce921f73c8f7109ec
libraw/libraw,CVE-2013-2127,664,c2c12e10745c2749d21cb8d6a8e9a11aae96820a
libraw/libraw,CVE-2013-2127,664,97b1bd7db833ff6c303ef0871b8e31f4434bf33c
libraw/libraw,CVE-2020-15503,707,d1975cb0e055d2bfe58c9d845c9a3e57c346a2f9
libraw/libraw,CVE-2017-16910,664,430c874b48ac70b1d8e8261aea40344a4abdbe23
libredwg/libredwg,CVE-2019-20913,664,cc73281885d99b22802cfc95d2ffdfceab6de010
libredwg/libredwg,CVE-2019-20911,691,f316f23914075513221c3803babb71234259c042
libredwg/libredwg,CVE-2019-20911,691,e775c706602cf674962354a763757a5e3bad4650
libredwg/libredwg,CVE-2019-20911,691,78dee63d59b5ec9346728e3a2ecb7a696085ce19
libredwg/libredwg,CVE-2019-20911,691,967d6e599396a891b29c4e0c7a3c65300303a056
libredwg/libredwg,CVE-2019-20911,691,34407152e604b268e416b47fc548bf07639b628b
libredwg/libredwg,CVE-2019-20911,691,8e54d094e60c6ad519f21d9e3740bd53422122b1
libredwg/libredwg,CVE-2019-20911,691,0a44ad220195a3004586b55e5cc2a47ad68ecfcd
libredwg/libredwg,CVE-2019-20911,691,4e568b1bde4402475a707beea785fe900ed83534
libredwg/libredwg,CVE-2019-20911,691,233e51a73ce762f8cb4f19af01f2ef9f9fb74feb
libredwg/libredwg,CVE-2019-20911,691,b4cb07ba4b71849a24090df49df4c4ad09df5827
libredwg/libredwg,CVE-2019-20911,691,f4b41137d1fc1f6f1c836c14605988563e3ba086
libredwg/libredwg,CVE-2019-20911,691,aa15492f04ed01c7134b135e130dad0b2f9cd0a3
libredwg/libredwg,CVE-2019-20911,691,24418888535c48dd6f6b35e4334f2f2ecf81f886
libredwg/libredwg,CVE-2019-20911,691,c9efbb820dfac2048db35ebf5f224280c12395a7
libredwg/libredwg,CVE-2019-20911,691,2836803e7062b7057ec29ea3f87cef5fa6ccac84
monetra/mstdlib,CVE-2018-14043,"664,284",81427e08648f5e1daea6229d4793dd2572497e23
openmpt/openmpt,CVE-2019-17113,664,11fa740667783081affaffde2cb159e7994d67eb
opensc/opensc,CVE-2018-16419,664,8fe377e93b4b56060e5bbfb6f3142ceaeca744fa
opensc/opensc,CVE-2018-16419,664,60e8db4c22dba1c0a629cbc78759e5cc3406a758
opensc/opensc,CVE-2018-16419,664,74ec7b04ffda539819eb8bfd6a0e766e69d8c946
opensc/opensc,CVE-2018-16419,664,777e2a3751e3f6d53f056c98e9e20e42af674fb1
opensc/opensc,CVE-2018-16419,664,9468d989cf5f279e11f1551164624c2cd1b25948
opensc/opensc,CVE-2018-16419,664,513a3dde0ab9f57275dc9267808bb8dbd1e7e5a9
opensc/opensc,CVE-2018-16426,691,ac4da89d0dfebfbf87be3f4936daa42a0ebc6477
opensc/opensc,CVE-2018-16426,691,57b7a81c3a3233e93e9b60927103b26f9a20463e
opensc/opensc,CVE-2019-19480,664,630d6adf32cecaab0ee184618f56497bd50400fb
opensc/opensc,CVE-2019-19481,664,e2b1fb81e0e1339eebaa36fb90635e03f69d4da3
openvpn/openvpn,CVE-2018-9336,"710,664",6f20808c8f37301c43d822f6a22d30b3587abc57
openvpn/openvpn,CVE-2018-9336,"710,664",a24dd2e31f196c76594666f37c130817402acb15
openvpn/openvpn,CVE-2020-11810,691,65eedc353349d2967fc03c54da807727e416e1b0
schedmd/slurm,CVE-2016-10030,284,52a681768056839f6822d48e56b6656f7294d03c
schedmd/slurm,CVE-2016-10030,284,724ab970ddcdb462a6eed5c80610b3e6856e9333
yubico/libu2f-host,CVE-2019-9578,664,e77a109f8cf60d9eafdf005ab5c851d5f576c01e
yubico/libu2f-host,CVE-2019-9578,664,8a875a5f5e32cf1a80266900ff14283150c3727d
yubico/libu2f-host,CVE-2019-9578,664,d5ab421e6738864a179a60690fd8de2c84edb8da
aircrack-ng/aircrack-ng,CVE-2014-8322,664,3fb427926409a93db00e86fe57321fe039e0383e
antirez/redis,CVE-2018-12453,664,58f0c000a5630d22c221bc4291b46f2fc1654ead
antirez/redis,CVE-2016-8339,664,56d26c23801b53458dfe8ac614106a9ab71473f1
antirez/redis,CVE-2016-8339,664,7fe8d49a70c8ae87dbcc080872d327d1485c18c5
antirez/redis,CVE-2018-11218,664,90b6337c155aa0330143f5b0a0af1d430271d400
antirez/redis,CVE-2018-11219,682,3a47c8cfb85af1b69cccf30eaaa690e4a23ab20a
antirez/redis,CVE-2018-11219,682,61853a9c758bc9d368d4610c0f89387c95b9301d
antirez/redis,CVE-2018-11219,682,2f75bbab0242f5dea4c976d7b3da719616166c75
antirez/redis,CVE-2020-14147,682,1eb08bcd4634ae42ec45e8284923ac048beaa4c3
antirez/redis,CVE-2013-0178,707,52970711cf974e7905a7fe1252be3bcffcd28d62
antirez/redis,CVE-2013-0178,707,a9b18e54d4e348dd678a396cc8691dd693687de7
antirez/redis,CVE-2013-0178,707,ca734d17ad9b7ea97a87bd048ad1c1e253ef67a6
antirez/redis,CVE-2013-0178,707,9da6caac4e86aa608a3186fa8a209eed19b7b9c6
antirez/redis,CVE-2013-0178,707,4c2e506a393615477a85ee51d69c801d84c5bad2
antirez/redis,CVE-2013-0178,707,1a71fb96697fc2af064fc221b21421ad6a8196fa
apple/cups,CVE-2017-18190,284,f2534050299c6558a8c6346660e305b22904d1b6
apple/cups,CVE-2017-18248,707,cb7f98ee7f57af247aacb94977c8f744a1d02eca
apple/cups,CVE-2017-18248,707,b423cd4cb9fa8cf030cc046a59c28196f3edf6b4
atheme/atheme,CVE-2014-9773,284,f4f636c1b7667bdc8d939bc1c59a4030da8e81cb
atheme/atheme,CVE-2014-9773,284,b6d2dd7e73a1a076d84af4c729a37d729f63d83e
atheme/atheme,CVE-2014-9773,284,e3dd87f66554c6ec84fbad82a71ea2632ba89d87
atheme/atheme,CVE-2014-9773,284,bdfa6aceb4938b2d53c506edd660166ff9ecec6c
atheme/atheme,CVE-2014-9773,284,f36cbf13e3954869fe5ea1b12d4c7a0a114d84a6
atheme/atheme,CVE-2014-9773,284,ba197431a4e879ac6323dbc128a0a07bf3908a7c
atheme/atheme,CVE-2014-9773,284,56a851bd73b1dd23e153568ba39f6036e01f97e6
bitlbee/bitlbee,CVE-2016-10189,710,5ebff60479fc7a9f7f50ac03b124c91d4e6ebe11
blueness/sthttpd,CVE-2017-10671,664,aa3f36c0bf2aef1ffb17f5188ccf5e8afc13d3dc
ccxvii/mujs,CVE-2019-11411,664,fea0707d208c05f55b4d23392d261695ce22fa25
ccxvii/mujs,CVE-2019-11411,664,0cbd5326f23bd1106f14f934445df50db7481038
ccxvii/mujs,CVE-2019-11411,664,83dd92f0856c30beffcb04e7e6fc28ea225fdac5
ccxvii/mujs,CVE-2019-11413,691,557968a22dc65351d89ea0e1c34963b8faf22ed1
ccxvii/mujs,CVE-2019-11413,691,bfe569921d63fdbb29fe06c8e19ac402e009b960
ccxvii/mujs,CVE-2019-11413,691,b60c1cca9b93d4b7975d4e06bc0a633b6c2cb67e
ccxvii/mujs,CVE-2019-11413,691,8898715c8319aa25d0bd316fedfaddbd42587bf4
ccxvii/mujs,CVE-2019-11413,691,8e10640e9e1ffbfc402a53d127c50eec8a8a8b05
collectd/collectd,CVE-2017-16820,"710,664",83037eab40e9bba3803534d0b2b93c1c282dd564
collectd/collectd,CVE-2017-16820,"710,664",10dc7025709caaab852de76f161a47f4c4a443d1
dbry/wavpack,CVE-2018-10540,664,f867d248535a2d0e233afd21ffec5ee4d935f6de
dbry/wavpack,CVE-2018-10540,664,a5aab2009b207b0694883a9cd7cc59e81b36925c
dbry/wavpack,CVE-2018-10540,664,0cf8d26ce08916d05518b4889851cd3de0c16957
dbry/wavpack,CVE-2019-11498,664,4c0faba32fddbd0745cbfaf1e1aeb3da5d35b9fc
dbry/wavpack,CVE-2018-10537,664,c4e1c9604fcf3645d632a2facd8e297b1463cca6
dbry/wavpack,CVE-2018-10537,664,e7d62e570355c6482f9c8c3354d94c59f5bce90b
dbry/wavpack,CVE-2019-1010319,664,26cb47f99d481ad9b93eeff80d26e6b63bbd7e15
dbry/wavpack,CVE-2019-1010315,682,cd353bccafb1274a525c3536aaff8c48c3a33aa0
dbry/wavpack,CVE-2018-7253,664,0b9d3a4c766f145a5a873af414e4476ea42b267c
dbry/wavpack,CVE-2016-10170,664,0a3c1c95027b5434375b04414f6a7e34e5375f05
dbry/wavpack,CVE-2016-10170,664,38dba75b9ae22693b86ff47603dc661a329a28d8
dbry/wavpack,CVE-2018-7254,664,20c1bee4aef26bbe1d1a8cd5c14bc2051747a310
dbry/wavpack,CVE-2018-7254,664,c88f0c394ceeb979ebf7550dd593fea3848161f2
dbry/wavpack,CVE-2018-7254,664,df9879e14fc768ac9176d02052265daf2e516582
dbry/wavpack,CVE-2018-6767,664,f5e474530df640fe7ed9e27a9742c1c0b819dfcf
dbry/wavpack,CVE-2018-19841,664,67e753f176260f5b40fceec02da6ead5137dab07
dbry/wavpack,CVE-2019-1010317,664,8044ea7e23cdbaf6a8ea8d074d8219317902eaf9
dbry/wavpack,CVE-2018-19840,691,cbc391ee303718b8bfff56d0757865ac9f520f6f
dbry/wavpack,CVE-2018-19840,691,077ea800c828bd908fcd66c3446b83ab25dbaf0a
dosfstools/dosfstools,CVE-2016-4804,664,64486adef77167b67894f3d1c04cf57c9f60bcea
dosfstools/dosfstools,CVE-2016-4804,664,bdc3d2a24b5ade769dfbaa00bf10538be1a90622
dosfstools/dosfstools,CVE-2016-4804,664,ba6774ae1dd5199a733dfaeaf438dff095284de7
dropbox/lepton,CVE-2017-7448,682,3b0fce38bfd51fadbabbb4d35d55e8fc3cf29b40
dropbox/lepton,CVE-2017-7448,682,77477591062ae32a40631ff99878abb866dfa70f
eclipse/mosquitto,CVE-2018-20145,"664,284",0364bd1be7b2bfd4348e5f20acb708ea4c9e350d
enferex/pdfresurrect,CVE-2019-14934,664,2abd0f46dec171e4917aa211d6f1cc7c1e62835b
enferex/pdfresurrect,CVE-2019-14934,664,beb5c831af7821b1fa794ee03ef1009608fc1cbb
enferex/pdfresurrect,CVE-2019-14934,664,2e5feb7204f60efd4ce55af85a302bff46021ddc
enferex/pdfresurrect,CVE-2019-14934,664,de74454871b5559715171e9c996536ea381cf9e9
enferex/pdfresurrect,CVE-2019-14934,664,2dcbada971bfb818059263baa3bba7ebb4aea0d5
erikd/libsndfile,CVE-2017-7586,664,47d1b099253b152f05d3f8ef19c47320e9c36d32
erikd/libsndfile,CVE-2017-7586,664,50920d61d9c12f14bc027907907bf952d747883f
erikd/libsndfile,CVE-2017-7586,664,86d9fb853d8e0921a6bcefae9d7df81fa23bc208
erikd/libsndfile,CVE-2017-7586,664,41da64d9270b2fa10c93ce74dea014fe8f0bd303
erikd/libsndfile,CVE-2017-7586,664,f40f44cf1a1413cfda6bcc0e8ef366299e8055d6
erikd/libsndfile,CVE-2017-6892,664,1fc6bb8e0faa130e107f6af98991ac8e4555310b
evilnet/nefarious2,CVE-2016-7145,284,e1038848baca2507bd6297955f530db105dedd49
file/file,CVE-2014-3487,707,36fadd29849b8087af9f4586f89dbf74ea45be67
file/file,CVE-2014-3487,707,1aec04dbf8a24b8a6ba64c4f74efa0628e36db0b
file/file,CVE-2014-2270,664,d566272d582d02e4729b33266171454bb5a2057e
file/file,CVE-2014-2270,664,5d900e78c453722fe3c7fbb8dbcc5679e8d0665d
file/file,CVE-2014-2270,664,4f6eddca27e5520a26586d3033bd18ce08a7b785
file/file,CVE-2014-2270,664,f96aa9193d4e6280d6f6e8e06ed11061886046da
file/file,CVE-2014-2270,664,1759a43433a432bd094f44e99ebd564dcd452a4c
file/file,CVE-2014-2270,664,5de6f2282209db98b4e8b90a4acfef9e9f6a5cd8
file/file,CVE-2014-2270,664,574eacad815601aaaa827d7cddeac57034f08813
file/file,CVE-2014-9652,664,43137d87ebe726757ff4b91cd8aae9b8e355fc5a
file/file,CVE-2014-9652,664,27a14bc7ba285a0a5ebfdb55e54001aa11932b08
file/file,CVE-2014-3480,707,f97486ef5dc3e8735440edc4fc8808c63e1a3ef0
file/file,CVE-2014-3480,707,2524f7a8067a86d73add0cee03671cd8895b4f94
file/file,CVE-2014-3480,707,ada30f6b681a1ed846d5b9a33eb8fffa10bc67ba
file/file,CVE-2014-9653,707,4f2c3a679da0d6eef33ecd6f77d472930c407fc8
file/file,CVE-2014-9653,707,4c948c04851e22e1117c1c07e4af0cf49fea1761
file/file,CVE-2014-9653,707,d68a455e1a8d81bc7991c7ad0f07b24697b1ff6e
file/file,CVE-2015-8865,664,f4481bdba01ddc1e5d834cd98b04ebf95af9b02b
file/file,CVE-2015-8865,664,c55ef0dff55462df77447a2d0987059fabc85f45
file/file,CVE-2019-8906,664,c7d910ee8879dfbe80fe14bfc13c8fa6c6fe1d32
file/file,CVE-2019-8906,664,0ac0678c52e248fd2a632a84b638694f205aef9d
file/file,CVE-2014-3710,707,574a285880a2bf1064a94e7058d24ff14e403aeb
file/file,CVE-2019-18218,664,06de62c022138f63de9bcd04074491945eaa8662
file/file,CVE-2018-10360,664,9109a696f3289ba00eaa222fd432755ec4287e28
file/file,CVE-2018-10360,664,94dacf689c123398917c9824fffb94644485cb5c
file/file,CVE-2014-0238,664,fab35c455083da9d06e27aa03922a3d0ba1adfeb
file/file,CVE-2014-0238,664,1cf51c9fa228824ef8ca0096c129cdc867fad06e
file/file,CVE-2017-1000249,664,8d0c6abc2dbec374acab293143fa88a9f0bebe28
file/file,CVE-2017-1000249,664,9611f31313a93aa036389c5f3b15eea53510d4d1
file/file,CVE-2017-1000249,664,a07a37f70c460fd8dea973ba42ba518942e35fe0
file/file,CVE-2014-0207,664,3d27f499e5735de91fc6e8228047e81b1f1e159d
file/file,CVE-2014-0207,664,209113ac443c82cc7573bb228b68ce1dd9d50f90
file/file,CVE-2014-0207,664,537dc488d3412f3b2b27b3ee79478ee40e4762c5
file/file,CVE-2014-0207,664,e5b5e8ba4f7b6b7181c7d76d27ca8fbfa37050cb
file/file,CVE-2014-3478,664,4a284c89d6ef11aca34da65da7d673050a5ea320
file/file,CVE-2014-3478,664,38640f9d0b4508ed9202b861bcd3a43ba79c34e9
fosnola/libstaroffice,CVE-2017-9432,664,54d944778952236f71a5d5b99c6f2c137d88c34d
fragglet/lhasa,CVE-2016-2347,682,0451357e2d8cb386cbdc94913562b1a96076d69a
fribidi/fribidi,CVE-2019-18397,664,f20b6480b9cd46dae8d82a6f95d9c53558fcfd20
git/git,CVE-2016-2324,664,bd64516aca4d4e22acb33c71429d293a14d355cf
git/git,CVE-2016-2324,664,13528ab37cadb4d4f7384d0449489760912904b8
git/git,CVE-2016-2324,664,f9fb9d0e3caebe97c54c101d8235e6529d5a1273
git/git,CVE-2016-2324,664,207394908e9465d0169608725aeaa5bb355086e0
git/git,CVE-2016-2324,664,abcb86553d3ec4afffa4e3963089dffe0559740e
git/git,CVE-2016-2324,664,5f78a431ab222189b11a9233a5902db61aa32976
git/git,CVE-2016-2324,664,7cc8f9710857ed69d34c696330f7fd0367a5a29c
git/git,CVE-2016-2324,664,fff42755efc7585378ca562e54828532922371be
git/git,CVE-2016-2324,664,ff5f5f268fd36b6db059c06d124305866ecaa6ce
git/git,CVE-2016-2324,664,4947367267cbcd0ca528711b2393613e2e817878
git/git,CVE-2016-2324,664,beba25abbc34a07e07ce933210cda15202ef76cc
git/git,CVE-2016-2324,664,91f175165aba17903ab928da543052ea335fc924
git/git,CVE-2016-2324,664,cf2ab916afa4231f7e9db31796e7c0f712ff6ad1
git/git,CVE-2016-2324,664,8d2dfc49b199c7da6faefd7993630f24bd37fee0
git/git,CVE-2016-2324,664,c64ed70d2557101f2a2c3f76315049d027fe645b
git/git,CVE-2016-2324,664,ae563542bf10fa8c33abd2a354e4b28aca4264d7
git/git,CVE-2016-2315,664,f0ed8226c9c65f2a324610258418258229e77fbe
git/git,CVE-2016-2315,664,463acbe1c60fc5009dac9d033df6c2b9c5037a91
git/git,CVE-2020-11008,"664,284",a2b26ffb1a81aa23dd14453f4db05d8fe24ee7cc
git/git,CVE-2020-11008,"664,284",c716fe4bd917e013bf376a678b3a924447777b2d
git/git,CVE-2020-11008,"664,284",d3e847c107c236126476e7efb272be3fa4339825
git/git,CVE-2020-5260,"664,284",abca927dbef2c310056b8a1a8be5561212b3243a
glennrp/libpng,CVE-2018-13785,682,eb2f42aa97022d4bde30ad98f2e765f14adbfc5d
glennrp/libpng,CVE-2018-13785,682,2dca15686fadb1b8951cb29b02bad4cae73448da
glensc/file,CVE-2012-1571,664,a1b0f6a231a67e899b97a0f2a7fd2f2238f706a0
glensc/file,CVE-2012-1571,664,582c133173e8fbc8ff25a6181a5dbe57a62d5242
glensc/file,CVE-2012-1571,664,0a816876ee786a1fa5ba3dc09886fa44319d6a31
glensc/file,CVE-2012-1571,664,901672189f6d1d1251df84d945bb3cd9c210a066
glensc/file,CVE-2012-1571,664,1140872578eedaeecf828f1841d17ff574372dba
glensc/file,CVE-2012-1571,664,52a83d5602e8ef7ba7c065a926a6e8a0d2cb94f8
glensc/file,CVE-2012-1571,664,52c049c8d7e5058b2e16a598058381fdc9e38e37
gpac/gpac,CVE-2019-20628,664,a0c75a9d524e079434fc8816076417f738a87fc1
gpac/gpac,CVE-2019-20628,664,65e34470742a53c5eaf99d946a7e285d6a077dd2
gpac/gpac,CVE-2019-20628,664,62323adca1a9546b445508e2d7cfc4b3ea392861
gpac/gpac,CVE-2019-20628,664,5780995c8ebb8b90fd35e65608a73c28c04b54ea
gpac/gpac,CVE-2019-20628,664,2793228e65e2133a95d889b3a1990cfb2406f696
gpac/gpac,CVE-2019-20628,664,1550ee5094278144264057cc167850ef04adb3cc
gpac/gpac,CVE-2019-20628,664,6b186a29f5776f7965b19eeb9534621bb7200376
gpac/gpac,CVE-2019-20628,664,8673a9270adee57d37d60401d695d409df16cacb
gpac/gpac,CVE-2019-20628,664,30d9c3510070f2a4acec601e6bfae2bea39011c7
gpac/gpac,CVE-2018-20762,664,0c695a38ba9f6d20bfc646466244420ccca70c7e
gpac/gpac,CVE-2018-20762,664,1c10d970607ebf84413e4471a4701aa1bdfd133c
gpac/gpac,CVE-2018-20762,664,6bdbb1d8198a5ff029d64a51bb281b7b19c4fe2e
gpac/gpac,CVE-2018-20762,664,4253c1269f1053567756d990201834172a9bcc0f
gpac/gpac,CVE-2018-20762,664,21f71cd1ee395f0edaaa69514b9b3cecf94516d5
gpac/gpac,CVE-2018-20762,664,ac9d73e19903234695b003fd14289f8dd353f11a
gpac/gpac,CVE-2018-20763,664,35ab4475a7df9b2a4bcab235e379c0c3ec543658
gpac/gpac,CVE-2018-20763,664,ab67e334fd39c75e2739ef2e13ad448b029b0884
gpac/gpac,CVE-2018-20763,664,d0b3e5b9602ac551126ad0b3795719c1cee686a7
gpac/gpac,CVE-2018-21017,664,6cfd65819add78426d9635e3f8358f8bc149b645
gpac/gpac,CVE-2018-13006,664,b1e6577aed4f0335537e1216f1cdc4fa448564b2
gpac/gpac,CVE-2018-13006,664,d1a678d2dd791239d549cecaa8c6a475d020a6c2
gpac/gpac,CVE-2018-13006,664,ded89e08c7fca74e2bbb9458267ed337c015dc65
gpac/gpac,CVE-2018-13006,664,7e8cc8de567e778f4533a3bf368cda6860def09a
gpac/gpac,CVE-2020-11558,664,526bc968451e1ec83386c93f2c1f5a74ac65e649
gpac/gpac,CVE-2019-20629,664,bb002ad4f92d216f8ab7c8466102279ef8af6f88
gpac/gpac,CVE-2019-20629,664,1241d44df257dc4324ff162f2b70eb60d32c5102
jedisct1/pure-ftpd,CVE-2019-20176,664,8509d01a1d4065e799a8ce478b51544fd3a7f397
jedisct1/pure-ftpd,CVE-2019-20176,664,279e5f2d6075e220c762595f40bf32786dbfe0f0
jpirko/libndp,CVE-2016-3698,284,af9bb8bec1af4baee9a8f1539f3ebb1273b1fab9
jpirko/libndp,CVE-2016-3698,284,993764c3b2defdf053facbc29eadc0a4abeddb0d
jpirko/libndp,CVE-2016-3698,284,8650eb29d63afb88a73a9ec5c874894ea856aa2f
jpirko/libndp,CVE-2016-3698,284,04c2d9d32a7dad6a4830bca132fc4ca72b276ac6
jsummers/imageworsener,CVE-2017-9204,664,54d5400335fa74b314482aedeb9bb47db2325d5b
jsummers/imageworsener,CVE-2017-9204,664,e7f186c01cddd81e91a8da764c5ea1575ff90d1a
jsummers/imageworsener,CVE-2017-9201,682,43b7d51ecefbe2ce6f2361030ebfe0f553251061
jsummers/imageworsener,CVE-2017-8326,682,9b821fce892ca90ba380076d12a275ffa4d8ecd8
jsummers/imageworsener,CVE-2017-8326,682,d7560986f8f18612f09e960a4b0eceff301bde5b
kamailio/kamailio,CVE-2018-8828,682,2fbc66fb8789a9e0749aca301119ab7c046676c5
karelzak/util-linux,CVE-2017-2616,691,8960f3ae5f4d72be88ee76e50417785e836b35e8
karelzak/util-linux,CVE-2017-2616,691,ea8a10391b9cba4b472d843b7108c0b140a392ab
karelzak/util-linux,CVE-2017-2616,691,cf1a99dacc9b1b6a091e03906b60c47774a339f5
karelzak/util-linux,CVE-2014-9114,707,1c9885cde853a458b5abe5ce0804abc27caf4fd4
kkos/oniguruma,CVE-2019-13224,664,f5f3cb2d1c470c12eba180d216d057f14e28ab66
kkos/oniguruma,CVE-2019-13225,710,f000bbb7729bd250c6de006880c0cbbeaca6efb3
kkos/oniguruma,CVE-2019-13225,710,682cb2e3d824e27a68c778dac8b3455652c72197
kkos/oniguruma,CVE-2019-13225,710,e4e54cef43549dee54b00719a18d096815708b54
kkos/oniguruma,CVE-2017-9226,664,1ca27efa21d3a87993af1ee80bbad7500a51b2e7
kkos/oniguruma,CVE-2019-16163,691,6b33731e8c33ee91422a7fed8570cd4112a8c8c9
kkos/oniguruma,CVE-2019-16163,691,577ed49a154675a01e6ea180680e998f2afd0e01
kkos/oniguruma,CVE-2017-9225,664,d8366441d2994ddc277defb9f0821d0f41db5e78
kohler/gifsicle,CVE-2017-18120,"710,664",fac3499a7e6f84cbe59d6c9554bd7f38a3507c66
kohler/gifsicle,CVE-2017-18120,"710,664",36ae7a1af8a5e8f328aaa7f7188af8fee85b69f9
kohler/gifsicle,CVE-2017-18120,"710,664",8651b6e5442d45d7cc04418e0cb587b613c6eaae
kohler/t1utils,CVE-2015-3905,664,db70448e0a3feb1fea847876b7d0c6813ec0275d
kohler/t1utils,CVE-2015-3905,664,00576a8f61141223945ead65e1d388dc62c925c9
kohler/t1utils,CVE-2015-3905,664,4622410b5a8d775bed71f88bd7d768c69ad101b7
kohler/t1utils,CVE-2015-3905,664,820b8483066a74063b029617965509c34284c515
kohler/t1utils,CVE-2015-3905,664,b3908b7586fc916b09130b2331d0976db4b4e754
kohler/t1utils,CVE-2015-3905,664,122e21896ba71b8429b5f7cd91fd681f70a14f22
kohler/t1utils,CVE-2015-3905,664,ef9fea42c127719d7fa042c6e9d5424ae2a14645
kohler/t1utils,CVE-2015-3905,664,5f4f055cd1a210edcc55a647c764e015c3d1c764
kohler/t1utils,CVE-2015-3905,664,0c53087217931a45a8818fea5f7d5ec77044cb49
libexif/libexif,CVE-2018-20030,664,5d28011c40ec86cf52cffad541093d37c263898a
libexif/libexif,CVE-2018-20030,664,68670db0dbe501543141f9cc55e2448eb4a68b54
libexif/libexif,CVE-2018-20030,664,bb92fdddbd5c83cc07bab91a265d727caddeb84d
libexif/libexif,CVE-2020-13112,664,d0ec90fd1ae873e69901851a8dfd57f6cf372de2
libexif/libexif,CVE-2020-13112,664,6af9c519ee548fa9a0200054036eb29f468e3950
libexif/libexif,CVE-2020-13112,664,bdd5c7e0f871fa3b1d14a09ccc71c63501c675b7
libexif/libexif,CVE-2020-13112,664,127762101a416b369d96cc50b0c1c1c713abc34b
libexif/libexif,CVE-2020-13112,664,febae387dafed8eba014b83fd78a1e9e56ac062b
libexif/libexif,CVE-2020-13112,664,83f34a51b4f40ee29b350887f7e5f601220eb26f
libexif/libexif,CVE-2019-9278,682,8ce72b7f81e61ef69b7ad5bdfeff1516c90fa361
libexif/libexif,CVE-2019-9278,682,a4fce6ac8158bed6d0c480016311636382be4204
libexif/libexif,CVE-2019-9278,682,911820c35233f9368abf179de9f923555ad3233b
libgd/libgd,CVE-2016-6214,664,32b1307c62a5e8385118b6d7ce84743d125d335d
libgd/libgd,CVE-2016-6912,"710,664",2806adfdc27a94d333199345394d7c302952b95f
libgd/libgd,CVE-2016-6912,"710,664",9b8ae7e221aee4d7caf8f8adab4f5639d9f378e0
libgd/libgd,CVE-2016-6912,"710,664",5cd8336c267fba92a030d9a27a933b8f21a6e36b
libgd/libgd,CVE-2016-6912,"710,664",a79232c5fa692c3b6e3f5bc95ecfc455424c3f54
libgd/libgd,CVE-2016-10166,682,ff9113c80a32205d45205d3ea30965b25480e0fb
libgd/libgd,CVE-2016-10166,682,0dd40abd6d5b3e53a6b745dd4d6cf94b70010989
libgd/libgd,CVE-2016-6906,664,4f8e26f2a40ffaa3a5b77be6a49989a1a42e2b83
libimobiledevice/libplist,CVE-2017-6435,664,e0b6a20b79e1a438125c72a3335713af01619ea9
liblouis/liblouis,CVE-2018-17294,664,3f48112397253c0472af6e875734498865cdfb85
libreswan/libreswan,CVE-2016-5361,707,06153610adef409206289b2e29c044f69b115178
libreswan/libreswan,CVE-2016-5361,707,b9525ac92df3f1cbd231656a1f592a2a99fb0489
libreswan/libreswan,CVE-2013-7294,707,3d277cebda58d2a24bc4fa1591d2e0c59c457f37
libreswan/libreswan,CVE-2013-7294,707,c0365cbf7aabb03b07d4e5984ac0cf3ac28a97e2
libreswan/libreswan,CVE-2013-7294,707,3c7d4254aeae1dd72d35b99dac7babcbac6d9170
libreswan/libreswan,CVE-2013-7294,707,a0d62bfd63a359af8d56667d6f8fe72ffd0e4658
libreswan/libreswan,CVE-2013-7294,707,a27157f7c378d9169b5d070f9901898d5b406af3
libreswan/libreswan,CVE-2013-7294,707,fcd6d215f5b08ab4dbd7c4c4c05c5994cf34ee58
libreswan/libreswan,CVE-2013-7294,707,b3f9d852bba0d653c80db8315ee8c50f49f5046c
libreswan/libreswan,CVE-2020-1763,664,f556fdd2eae5889b60fc2a4ce338e2141a1d765b
lighttpd/lighttpd1.4,CVE-2019-11072,682,3eb7902e10ba75b3f2eb159e244d0d8e5037ccd2
lua/lua,CVE-2020-15888,664,7fe1a4cff3998bf019144924f39aec3f76a5cf32
lua/lua,CVE-2020-15888,664,17dbaa8639505c9ad1a9946591f5960123fbd741
lua/lua,CVE-2020-15888,664,7d526e75a7f45a2593e874d97c7fdfa0e45cc013
lua/lua,CVE-2020-15888,664,c1a63c45f8ec5932993c8cec40d3c5ec0743349c
lua/lua,CVE-2020-15888,664,b1379936cf35787d3ef3aab82d1607a3e1562eef
lua/lua,CVE-2020-15888,664,c5363a1b58573162ef13ba4a345bd48ad3c355d9
lua/lua,CVE-2020-15888,664,5bdee4f81057698cf7da2bb5da814984170abf8c
lua/lua,CVE-2020-24342,664,3cd9b56ae6002b4ef28d2467abd119606ae625d3
lua/lua,CVE-2020-24342,664,ba7da13ec5938f978c37d63aa40a3e340b301f79
lua/lua,CVE-2020-24371,664,2c32bff60987d38a60a58d4f0123f3783da60a63
lua/lua,CVE-2020-24371,664,ccae0f5aad11b448fa630a41b2c7c54e69d134d8
lua/lua,CVE-2020-24371,664,1afd5a152dc8b3a304236dc4e07bca38ea5eb53a
lua/lua,CVE-2020-24371,664,e4287da3a6b0b167da465fd449e5191b9ac9ef46
lua/lua,CVE-2020-24371,664,00114a95b2a1234954a46fca6221d1c6922713f8
lurcher/unixodbc,CVE-2018-7485,664,4f9f77fb4204659ec9b7be8745d9e05a539c80b9
lurcher/unixodbc,CVE-2018-7485,664,3ed836b3aaf6f1264667de143c889c71ade4b1eb
madler/pigz,CVE-2015-1191,664,b84796614a1791488d8c56436c897a5e812e11f8
madler/pigz,CVE-2015-1191,664,0eb30c37b703073697ca81ae403e3fab76339f45
madler/pigz,CVE-2015-1191,664,92d9d5452aa794a1bbe29d912a9d1e50806cc4c6
memcached/memcached,CVE-2019-15026,664,938154dfe060f7ab519f5fe88622b6ac1859faab
memcached/memcached,CVE-2018-1000115,664,46a2f17c7df192c0ca662f6c63a3b407df890c40
memcached/memcached,CVE-2018-1000115,664,b3723633adb86f45408de7ceaee25784cd39948f
memcached/memcached,CVE-2020-10931,664,8e59147cba140aa7d592b483806a2a8fadb562a2
memcached/memcached,CVE-2018-1000127,"691,664",e87ab394f383acd43076ee1127f1b403882263db
memcached/memcached,CVE-2019-11596,710,dc5f65d38a4c8f8b51e0dace323374ec76fcc647
memcached/memcached,CVE-2019-11596,710,d67cfbf9922f7f4be6ee7315b0877c796b182e7d
miniupnp/ngiflib,CVE-2019-16346,682,8a24558de4aeea44e3425aba94096009323b7810
miniupnp/ngiflib,CVE-2019-16346,682,9da97c303d2f413b9b58d49fb36fdde2ada92315
miniupnp/ngiflib,CVE-2019-16346,682,078118ececa7e4eaf75ea85001c66f7d5a6053c8
miniupnp/ngiflib,CVE-2018-10677,664,b7efad9e41020d60dae86503de9264c86974f740
mm2/little-cms,CVE-2018-16435,682,ceef4d3cf7c575a01dc0a84e08d6b91204522b99
mm2/little-cms,CVE-2018-16435,682,3cefc4ee12fe7144a65a205f6645c14ec5be68ce
mm2/little-cms,CVE-2016-10165,664,7f7f41003b20651193b04c743a7d1612d657d18a
neomutt/neomutt,CVE-2018-14356,664,226540c796c07c4cad6dc84066da4761eacfac0b
neomutt/neomutt,CVE-2018-14356,664,db3898898e0706b3c6d16cbc4e03e99305efd47c
neomutt/neomutt,CVE-2018-14357,707,d58a649a71e922009c670afc7ed563bd71f87479
neomutt/neomutt,CVE-2020-14954,707,81c0337d15de1697122061046a555bcd1b4293ba
neomutt/neomutt,CVE-2020-14954,707,4d515819041169f6ccd82923095a3704e8c46f72
neomutt/neomutt,CVE-2020-14954,707,5d7872ae372177bc9b2bcdc492651ff36b5e6885
neomutt/neomutt,CVE-2018-14355,664,c7cda5411e2e0383181506d7ef5d80474438ee6f
neomutt/neomutt,CVE-2018-14363,664,032db326ffd9cf88c838f2a07dc55417c808b20c
neomutt/neomutt,CVE-2018-14361,707,03f5fece58719f4d2c0e2c099f639581abceed4b
neomutt/neomutt,CVE-2018-14360,664,41b5f7640f7a5ac84b4893ad4cb09d4f96e42e06
neomutt/neomutt,CVE-2018-14359,664,26ee8370caadf6e7053c129d1ee933638b33f22a
netblue30/firejail,CVE-2017-5207,284,949070a1dd728e58ab04c8e02f08cef422ddf7d9
netblue30/firejail,CVE-2017-5207,284,9614b8ac4bf2661f6378abc7db18169fb867d6bb
netblue30/firejail,CVE-2019-12589,"664,284",a890af827b8179562e74447de6638a122ddebc62
netblue30/firejail,CVE-2019-12589,"664,284",1da9f74b4dbfe186f893a2f3712135eb00bbed09
netblue30/firejail,CVE-2019-12589,"664,284",1379851360349d6617ad32944a25ee5e2bb74fc2
nghttp2/nghttp2,CVE-2020-11080,707,d22ced77c03112040799e0009dda320a0fcd368a
nghttp2/nghttp2,CVE-2020-11080,707,c0ffed778805e982208259faa6c48e93e05b4744
nghttp2/nghttp2,CVE-2020-11080,707,f26270b5b462ffc535fad30da60d1d628375b4cf
nghttp2/nghttp2,CVE-2020-11080,707,45a9f0b637f4353f19341a301d1a272af3b24773
nghttp2/nghttp2,CVE-2020-11080,707,737ac01d91fc9e7e796e83c7175c6673a13c1eb4
nghttp2/nghttp2,CVE-2020-11080,707,d377fe0dc60519c0a3cc4bd2c5a981fa83626e98
nghttp2/nghttp2,CVE-2020-11080,707,dba2406aba593e747379c137afdd3aa892137408
npat-efault/picocom,CVE-2015-9059,707,622adaf3cf34cd577a55829728f09d0dc182d08c
npat-efault/picocom,CVE-2015-9059,707,08994c37ddd601d720638b28094a85d34751e88b
npat-efault/picocom,CVE-2015-9059,707,464e25056f19ce1c486e35ad969d8b5928915d4d
ntop/ndpi,CVE-2020-11940,664,e7c0ac37d87958c80115e7553ea39b26668ce360
ntop/ndpi,CVE-2020-15473,664,179b93d625f7f7f597329d2ffb322c19da5d7958
ntop/ndpi,CVE-2020-15473,664,b66606bc16f785ad20c8bf301d05373fabd2daf3
ntop/ndpi,CVE-2020-15473,664,2787c2390cdd7129c2dcf50b0d4990d3f7d1bccc
ntop/ndpi,CVE-2020-15473,664,562b90d93cdf20931c9a31686aad1ed8eea49013
ntop/ndpi,CVE-2020-15473,664,82f10ddc6a14dd51a240aa49642ab8ae5d1bd434
ntop/ndpi,CVE-2020-15473,664,60884f9047882863d27f7e8f5fb760897c599800
ntop/ndpi,CVE-2020-15471,664,e5e69d0f7ab382e3507660fe752027c09e32310e
ntop/ndpi,CVE-2020-11939,682,3bbb0cd3296023f6f922c71d21a1c374d2b0a435
ntop/ndpi,CVE-2020-15472,664,7300e88cdb9d22c33e276862e29b1990b394a0c5
ntop/ndpi,CVE-2020-15475,664,4d5ca2c473242c65a2bf87a1f0350ccb54fe231b
ntop/ndpi,CVE-2020-15474,664,4a09b4efa053a26e187119a540da4b41dd8a24d8
ntop/ndpi,CVE-2020-15474,664,fd646bd05ffee4f0da9eaf55ad9e581770ecb099
oetiker/rrdtool-1.x,CVE-2014-6262,664,795227f2ad228d09d8ffb0799c764bd4c966f75e
oetiker/rrdtool-1.x,CVE-2014-6262,664,37d3050caed517538efa1f6fc28fda48aee3d53e
oetiker/rrdtool-1.x,CVE-2014-6262,664,94078f20a96b1cc6bfa0d1a63c858305b618d44e
openssh/openssh-portable,CVE-2016-6515,707,bac2d8aa5e642a70045e713853b13d020b9c5d57
openssh/openssh-portable,CVE-2020-12062,707,4d28fa78abce2890e136281950633fae2066cc29
openssh/openssh-portable,CVE-2020-12062,707,225736c73acf19a3319104fe54cd9ce595924134
openssh/openssh-portable,CVE-2020-12062,707,caf6dd6d219e916e2784b3c884a7f2ce8784df37
openssh/openssh-portable,CVE-2020-12062,707,be484b5d9889ca636fecdf1f6b73ddfbe4cce3c9
paulusmack/ppp,CVE-2020-8597,664,d741a3b912f17d84dc8dc87474e0b989c775de50
pbatard/rufus,CVE-2017-13083,"693,664",36cadcfcca1e3a0bcfa5428e3e71eefe1cc618d4
pbatard/rufus,CVE-2017-13083,"693,664",7b3b96cd9eadf23d94048ff025ef097a85263db9
pbatard/rufus,CVE-2017-13083,"693,664",cd911ad73811302b5eae16c4b1ba1f0c196170fe
phaag/nfdump,CVE-2019-14459,682,ff0e855bd1f51bed9fc5d8559c64d3cfb475a5d8
postgres/postgres,CVE-2014-0063,664,09ff9dbe2b8074d2109489813c0354a6331369d6
postgres/postgres,CVE-2014-0063,664,5e37f16be0ec70489ce12e3cbc4f5c097f61ce17
postgres/postgres,CVE-2014-0063,664,2e6f97560a837f692a143d74c0255b4c92c1bbdb
projectatomic/bubblewrap,CVE-2017-5226,707,506fb1b1624358d57095b20408414ccef6fbc22c
projectatomic/bubblewrap,CVE-2019-12439,707,1e90a18a085e324b821a8bd0dc28a27082e43634
projectatomic/bubblewrap,CVE-2019-12439,707,b48c129368a269ebac5b28b007a3ea588a2e0db8
projectatomic/bubblewrap,CVE-2019-12439,707,5ec5ecd2d2887e014efe3939310500e384b15018
pupnp/pupnp,CVE-2020-13848,710,ef04e5578a8cde2919e8c32cd6b91cb0ae6afd2e
pupnp/pupnp,CVE-2020-13848,710,5ec36908644d48069966f327f6beba6d96f2e9e0
qemu/qemu,CVE-2015-5745,664,98b19252cf1bd97c54bc4613f3537c5ec0aae263
qemu/qemu,CVE-2013-4532,664,999e12bbe85c5dcf49bef13bce4f97399c7105f4
qemu/qemu,CVE-2013-4532,664,39bffca2030950ef6efe57c2fac8327a45ae1015
qemu/qemu,CVE-2013-4532,664,540f006a23085230c12c3cbcbd2bd774be0eb28e
qemu/qemu,CVE-2017-8284,"664,707",2c0262afa75d7d6cb68217f9a7587170ed3cd5b3
rdesktop/rdesktop,CVE-2018-8794,682,51014c91dfaef93c286d6cfe6862d7108138353b
rdesktop/rdesktop,CVE-2018-8794,682,5d1527d1b600dc664e5905d17ece06ccb2f6e982
rdesktop/rdesktop,CVE-2018-8794,682,b06a70bf51104d9c03dfbee2a2f5582d9d6d2267
rdesktop/rdesktop,CVE-2018-8794,682,70de4fa1f9b7cd74c8280aad0fee1db5616edd1c
rdesktop/rdesktop,CVE-2018-8794,682,a20dd377985dbd6521b849b08811496eb20b7b46
rdesktop/rdesktop,CVE-2018-8794,682,0f0bb5f28101c3e8afa80466ec1e896e3a0a8655
rdesktop/rdesktop,CVE-2018-8794,682,c50d176caf8063931dbb2cd84288e1d9125da892
rdesktop/rdesktop,CVE-2018-8794,682,4f8b0bc47a192d5940e758dd26bf5962e0e2c207
rdesktop/rdesktop,CVE-2018-8794,682,b5082af223a6b1ac305386ab0b97dfcb9cb768de
rdesktop/rdesktop,CVE-2018-8794,682,75717d8ab601c177c7a5ce589af049008ed81d73
rdesktop/rdesktop,CVE-2018-8794,682,e11a571f147396c5d054bd64a553a23d254bf7c6
rdesktop/rdesktop,CVE-2018-8794,682,34f82f3e18bb9f88b397323c5cc0488055b5d805
rsyslog/rsyslog,CVE-2011-1490,664,802f6d8a8f39e5ba578e0183e4500bef8e3a198c
sctplab/usrsctp,CVE-2019-20503,664,51d8b3495e37c603dfe5a17704a97ab9e228593a
sctplab/usrsctp,CVE-2019-20503,664,928bf9cc66892c809fcfb6c7985887a1f381aac4
sgminer-dev/sgminer,CVE-2014-4503,707,87ae66c7e6bf9f4991725cd134e8bbffad03e9b9
sleuthkit/sleuthkit,CVE-2019-1010065,682,e6883fb4ac62829f4895ddbe5c026dbc356511a8
sleuthkit/sleuthkit,CVE-2020-10232,664,371e4dc8d66ec85e7853eafed04afc391319caae
slicer69/doas,CVE-2019-15901,284,8bec4dcaa6afb6f6b480a720edbc896bcb9ac69d
slicer69/doas,CVE-2019-15901,284,4b32171218f7451088f3ad7dee96d8a15250986b
slicer69/doas,CVE-2019-15901,284,d55af6cdf4267e6e1cfb43b408d893b52c763c07
sqlite/sqlite,CVE-2019-19646,703,bf9d0996b91c158a1a0b2acda479da5380676509
sqlite/sqlite,CVE-2019-19646,703,eda079cd2c8ac1217574cd372c7bbcf6f651ccab
sqlite/sqlite,CVE-2019-19646,703,7caba669a67665e8b69923b44ef7630795820e4e
sqlite/sqlite,CVE-2019-19646,703,f7b0b0ad5fb083c194f0f69e75747dccf71427ed
sqlite/sqlite,CVE-2019-19646,703,31999c5cac3b01dc8a17a9148f8129d33109e240
sqlite/sqlite,CVE-2019-19646,703,cefc87fca5bbfd6bd8f918373de15efd9fe5b413
sqlite/sqlite,CVE-2019-19242,710,9576802dbae4501cbec42947ce01286376d2fc10
sqlite/sqlite,CVE-2019-19242,710,4e8e533bf7ee9afd7f6a4d8899b891bbdbf9ac53
sqlite/sqlite,CVE-2019-19242,710,bde3a4f680b7c99ae918aa0477e81541ebdafbe5
sqlite/sqlite,CVE-2019-19242,710,4485ac1a25e9919b5911a0db2ad7bed58be143d6
sqlite/sqlite,CVE-2019-19242,710,c7476735c9b9e377958ab404f0130f3f43a219dc
sqlite/sqlite,CVE-2019-19645,691,e6dc1e5b7016dcf90360c7688ccbc739293c0fcb
sqlite/sqlite,CVE-2019-19645,691,674b89426912a52dd1fcbe726fc94d0d70dab5ea
sqlite/sqlite,CVE-2019-19645,691,c9461ecc28c216f6aeb3b41ebb406da183603000
sqlite/sqlite,CVE-2019-19645,691,987db767d2adf3d6fcf8a3dff310cb59712b6be3
sqlite/sqlite,CVE-2019-19645,691,24b03fd055b993519961b0cffb2a79a4942fb3c7
sqlite/sqlite,CVE-2019-19645,691,4b59ab5e643009b42d6d3efb57c463c8d1123ad6
sqlite/sqlite,CVE-2019-19880,710,a2f142d079110237e8c0a02c701b3d387526fbfa
sqlite/sqlite,CVE-2019-19880,710,6e11892db8919592352b20228b9c9c36f31bf1a8
sqlite/sqlite,CVE-2019-19880,710,08f6de7f314ad6b15d34cc5f27c3e737fcd99268
sqlite/sqlite,CVE-2019-19880,710,dfa552f45be381ec1834573e6a94eccea728de2c
sqlite/sqlite,CVE-2019-19317,664,20cee7d0bb8f627c3952f24a5c4772f8fbb4d720
sqlite/sqlite,CVE-2019-19317,664,00e136135e380dfdf8ffe59503e0e0b518fd2cc5
sqlite/sqlite,CVE-2019-19924,703,c29af653e6a94ef2b4234030d2304dbc2c0cefcb
sqlite/sqlite,CVE-2019-19924,703,75e95e1fcd52d3ec8282edb75ac8cd0814095d54
sqlite/sqlite,CVE-2019-19924,703,8e8c88964c7fba0a0f784aa68178c1ef9c231022
sqlite/sqlite,CVE-2019-19924,703,898c527eafd8bf263a3c3626ff421804558132f9
sqlite/sqlite,CVE-2019-19924,703,62742fd2647ccd6a5cd2f899db70b6062f671c33
sqlite/sqlite,CVE-2019-19924,703,3557335658a74f08cadbe0ce6a5df951528dee9e
sqlite/sqlite,CVE-2019-19924,703,d4e70ebd6fc074a2fc9af5de6d9bec862cbf7473
sqlite/sqlite,CVE-2019-19923,710,29cdbadf8af1ea61e960c5fc7ce8a63efb009c1c
sqlite/sqlite,CVE-2019-19923,710,46133d98a62de28b112e8fa12bf4542412065fcd
sqlite/sqlite,CVE-2019-19926,710,396afe6f6aa90a31303c183e11b2b2d4b7956b35
sqlite/sqlite,CVE-2019-19926,710,03c3905f94be896702293266bee7cef9dcbae68e
sqlite/sqlite,CVE-2019-19926,710,c631ded5e886df1aad0a82806f4b66e740acce12
sqlite/sqlite,CVE-2019-19926,710,a9671a22b370710dfc89c0220cf02a1967ac869f
sqlite/sqlite,CVE-2019-19925,664,d681626a8b3b1070917f7c673a0dd55065ec2775
sqlite/sqlite,CVE-2019-19925,664,1dff328119f076a1e4d63631fd57baefdc597be1
sqlite/sqlite,CVE-2019-19925,664,128011a25846785a472f7c60c082693583f83df5
stephane/libmodbus,CVE-2019-14463,664,83c3410267d1383b36e0928d994fefdd634f1a1d
systemd/systemd,CVE-2020-1712,664,f4425c72c7395ec93ae00052916a66e2f60f200b
systemd/systemd,CVE-2020-1712,664,7f56982289275ce84e20f0554475864953e6aaab
systemd/systemd,CVE-2020-1712,664,95f82ae9d774f3508ce89dcbdd0714ef7385df59
systemd/systemd,CVE-2020-1712,664,269e4d2d6b75329ae39a71ebe2c14500e03cda95
systemd/systemd,CVE-2020-1712,664,637486261528e8aa3da9f26a4487dc254f4b7abb
systemd/systemd,CVE-2020-1712,664,1068447e6954dc6ce52f099ed174c442cb89ed54
tbeu/matio,CVE-2019-17533,664,1a1c3fbd5bc50704b12a4b5ca112056c81eac29d
tbeu/matio,CVE-2019-17533,664,07728a38d99ee0a3f5b7685dcb18033d76947560
the-tcpdump-group/tcpdump,CVE-2017-13013,664,f87c79a80d796fe2db913e7a6abd369f0a0d4154
the-tcpdump-group/tcpdump,CVE-2017-13013,664,1cde6435df23876fb88998e38739def0dc7dca47
the-tcpdump-group/tcpdump,CVE-2017-13008,664,99798bd9a41bd3d03fdc1e949810a38967f20ed3
the-tcpdump-group/tcpdump,CVE-2017-13008,664,26498833b72fe86ef84f4bdef62fbc18af5bcd52
the-tcpdump-group/tcpdump,CVE-2017-12997,691,ed85e20e4d6a27d5405f37366dd34b64c10a9211
the-tcpdump-group/tcpdump,CVE-2017-12997,691,fc6f112b40b9da56286ebc125f109e2889f5ebdb
the-tcpdump-group/tcpdump,CVE-2017-13001,664,3c03d589c955742b2e9c1173ccffd1b262aba8a1
the-tcpdump-group/tcpdump,CVE-2017-13001,664,86795f2b9239017927bb0689d611c40a669e12f2
the-tcpdump-group/tcpdump,CVE-2017-12990,691,69cb46af9119e8b5554bcc4bf1bf36f39cb82131
the-tcpdump-group/tcpdump,CVE-2017-12990,691,c9d84d15c5c4dc8eca7594101fe5026080ed641e
the-tcpdump-group/tcpdump,CVE-2017-12898,664,5d6a1edd068e89b14f7525f11f992c46e16cfc2f
the-tcpdump-group/tcpdump,CVE-2017-13030,664,d07e352f5a8a9cbf7e8f3ed49a316ed906353fd8
the-tcpdump-group/tcpdump,CVE-2017-13030,664,f0f2e6d058c90f758bc13c119d738317b2452911
the-tcpdump-group/tcpdump,CVE-2017-13030,664,59690cf6b7ffce3cc86936cbe658909c6ec3a687
the-tcpdump-group/tcpdump,CVE-2017-13030,664,f7297f584bd5c14a0dae0aca2d18149fbf077a82
the-tcpdump-group/tcpdump,CVE-2017-13030,664,6e8c0f9cc8df2dcae5e5695ac843fd4198f6a763
the-tcpdump-group/tcpdump,CVE-2017-13030,664,46f2e906622856f962f34fd5e3b08b113fd07fa5
the-tcpdump-group/tcpdump,CVE-2017-13030,664,814765d31c7cf9bf8753cdb2c908f516608c72ee
the-tcpdump-group/tcpdump,CVE-2017-13030,664,7ac4698a8b45d0e7a6131598f9757cd90405fc28
the-tcpdump-group/tcpdump,CVE-2017-13030,664,f555c163f90c9de17ebcef8313f86404c5174ca9
the-tcpdump-group/tcpdump,CVE-2017-13009,664,17934c433e64063bfb3e1a1b7ca8e5cff95f8710
the-tcpdump-group/tcpdump,CVE-2017-13032,664,d9037be6958db7a670d4baed6840bab42d844785
the-tcpdump-group/tcpdump,CVE-2017-13032,664,bed843855d69cfc7c6bef96b4e6d43301bc7c290
the-tcpdump-group/tcpdump,CVE-2017-13032,664,90a3f90f3ee256c0489fee5595b8622f83bad124
the-tcpdump-group/tcpdump,CVE-2017-13012,664,d57e945e5eb1a24ed43670f9cca6d51cf6d6fd99
the-tcpdump-group/tcpdump,CVE-2017-13046,664,9eb56b6235d66550fb3cb282344cac82e9efcb1b
the-tcpdump-group/tcpdump,CVE-2017-13004,664,b9814d84698eb3df0850ee7e40bed32882721313
the-tcpdump-group/tcpdump,CVE-2017-12998,664,2210a967cb4e8cfca405543d5d98f3734690bd71
the-tcpdump-group/tcpdump,CVE-2017-12991,664,0938876cd1e52060a99ffa20a8c455a28385c727
the-tcpdump-group/tcpdump,CVE-2017-13033,664,dee95f4fb45cf98b2d15d43fc90391c6ca3b7f3a
the-tcpdump-group/tcpdump,CVE-2017-13033,664,90692fcf9745a67fff68350b88acd56e4ddcb23b
the-tcpdump-group/tcpdump,CVE-2017-13725,664,c4521bbf470420aa57fa5f252bcf3576318ace87
the-tcpdump-group/tcpdump,CVE-2017-13010,664,c672f002763b3a4fc30ca229e57f50d3b2e6d766
the-tcpdump-group/tcpdump,CVE-2017-12992,664,d29f3dab95d8b28a62848fcb043b8ba40348bc3d
the-tcpdump-group/tcpdump,CVE-2017-12989,691,d3a64d8365a0e6cae598f75defc75076c095612e
the-tcpdump-group/tcpdump,CVE-2017-12995,691,46de5c986cf345056c6685618db1cf1f0198f596
the-tcpdump-group/tcpdump,CVE-2017-12995,691,041e99f6c0de5e2898c32ab4649d4d7d55af9e35
the-tcpdump-group/tcpdump,CVE-2017-12995,691,9489d3564732e279398e98500ab77d9cd3ab7f18
the-tcpdump-group/tcpdump,CVE-2017-13039,664,fd5407bf11e142396d075d505aa20501907cbea8
the-tcpdump-group/tcpdump,CVE-2017-13019,664,11f73ad248fa22461ca040baa8dc94b864509efa
the-tcpdump-group/tcpdump,CVE-2017-13037,664,b6303af682e72841f79ac6847f93b0cb0a49c549
the-tcpdump-group/tcpdump,CVE-2017-13037,664,d186680e9e798defc7f7fa36c56d00dfb6c4cd5b
the-tcpdump-group/tcpdump,CVE-2017-12895,664,6f1c171a6aac53ad3db8f6f8b74a98a6a76580a1
the-tcpdump-group/tcpdump,CVE-2017-12895,664,94a4b4608009a96bf791ff24b2d019f40a120085
the-tcpdump-group/tcpdump,CVE-2017-13044,664,75b7aeef9cc990ab705759884a725c1cad9924d0
the-tcpdump-group/tcpdump,CVE-2017-13055,664,8db57a4b904cf3f7eeb6e4ad66dae6dd8c9cd115
the-tcpdump-group/tcpdump,CVE-2017-12902,664,f9b3c51da6c9454af79601666b5afe705901c126
the-tcpdump-group/tcpdump,CVE-2017-12902,664,38082cac3604a182183c46c19c17d7e5504685a2
the-tcpdump-group/tcpdump,CVE-2017-13015,664,64e53f90cad4d7c7126ea709e215c140624b1dac
the-tcpdump-group/tcpdump,CVE-2017-13052,664,b4e5a87bc438bd5b4ef9dbb61897fb7227261bde
the-tcpdump-group/tcpdump,CVE-2017-13052,664,60a835d80f4b6c12dbe2d38fe4ca2de16f3302dc
the-tcpdump-group/tcpdump,CVE-2017-13000,664,9be4e0b5938b705e7e36cfcb110a740c6ff0cb97
the-tcpdump-group/tcpdump,CVE-2017-13000,664,7ea344d76a21255867275a199d1ddb1e5b358f77
the-tcpdump-group/tcpdump,CVE-2017-13000,664,e847135d66e822a96198a8d15771cf3a827b1ee9
the-tcpdump-group/tcpdump,CVE-2017-13000,664,1fe6e66ecec3fb7a7cc729038012cbb264542331
the-tcpdump-group/tcpdump,CVE-2017-13000,664,f5f7f4a343bb54cee09ac707f59dd24eb24f89fd
the-tcpdump-group/tcpdump,CVE-2017-13000,664,d6c865b1443d3e904cd0225ebd2883b034c5a782
the-tcpdump-group/tcpdump,CVE-2017-13000,664,1ace87d57b1e855f4df21a20ff1a819e148b6030
the-tcpdump-group/tcpdump,CVE-2017-13000,664,fffd9b826e05972150133a98ad92549a2706abbd
the-tcpdump-group/tcpdump,CVE-2017-12994,664,e4c03ecd3b5e27294f38363caf064453740453a9
the-tcpdump-group/tcpdump,CVE-2017-12994,664,ab941c35f9a151a4b2d01816e05518014381d63d
the-tcpdump-group/tcpdump,CVE-2017-13027,664,1ac500998736cb4282610d331453b7376bfd6cb5
the-tcpdump-group/tcpdump,CVE-2017-13687,664,ce1fc8263da72437c1df54b8b3ee682413d9e6ed
the-tcpdump-group/tcpdump,CVE-2017-13687,664,176a3e498602351ae25833cf7456c1e30f7f59ae
the-tcpdump-group/tcpdump,CVE-2015-3138,707,3a3ec26085461998074b827b112d38e8f3246a86
the-tcpdump-group/tcpdump,CVE-2017-12986,664,dbddfda2c806a98b1fc8fd86cc3c34a4f9915d70
the-tcpdump-group/tcpdump,CVE-2017-12894,664,e6857f421dce0bfb2af61bc81815f14d0be6e818
the-tcpdump-group/tcpdump,CVE-2017-12894,664,f6d19bd32a9c80a1e5a176b9b480708486758e65
the-tcpdump-group/tcpdump,CVE-2017-12894,664,4e25f49680e96da86840ecf9b65c724edfdf4e20
the-tcpdump-group/tcpdump,CVE-2017-12894,664,6457f82aaa95e042eb5cf99e3fd6f518e36f28bd
the-tcpdump-group/tcpdump,CVE-2017-12894,664,06cfebcb4e953fdbf857f7782dfb74e01881b7b3
the-tcpdump-group/tcpdump,CVE-2017-12894,664,ae68164cc68a352ca4ba7323dd6b3bf547bf5ab5
the-tcpdump-group/tcpdump,CVE-2017-13026,664,8a47f3a757e82ff35a1031f14f149f89c08226cc
the-tcpdump-group/tcpdump,CVE-2017-13026,664,660d76acd5d977742f568087c3aeb2265349baf9
the-tcpdump-group/tcpdump,CVE-2017-13031,664,374aad6c0ea6d12ac4316ead82bb78fc3ff5e05d
the-tcpdump-group/tcpdump,CVE-2017-13040,664,1ea8a8c4a4f1140e775a6dd4384802aac7b6d622
the-tcpdump-group/tcpdump,CVE-2017-13040,664,3432f69892d872f2f46110774abc8cc676d9a533
the-tcpdump-group/tcpdump,CVE-2017-13040,664,578dd316f35322e88ead865af09a0d1540274cf9
the-tcpdump-group/tcpdump,CVE-2017-13051,664,d7d269e8c67b6e8262db27bb92ae524aa3c3f439
the-tcpdump-group/tcpdump,CVE-2017-13007,664,27e3b039e6d71eb3d04e8e9ea81bd98131a812e7
the-tcpdump-group/tcpdump,CVE-2017-12996,664,b3794ce8b7fa7d19fe5fcec5acbe85a800417a91
the-tcpdump-group/tcpdump,CVE-2017-13050,664,4e0187006366b895c525f88f205ae77b53722a7c
the-tcpdump-group/tcpdump,CVE-2017-13050,664,1b1522840f21801737b0e33ff8663825c10e87f9
the-tcpdump-group/tcpdump,CVE-2017-13050,664,fb6e5377f392555b8c725f66b8b701f0061a3695
the-tcpdump-group/tcpdump,CVE-2017-13050,664,85a2dd977cad3e21b475abbedeb795989207b8db
the-tcpdump-group/tcpdump,CVE-2017-13050,664,917f5f341f4901bde415293be911903362c1fbfe
the-tcpdump-group/tcpdump,CVE-2017-12893,664,fb298cf2dd1b14c3857c42ab0e26d883fe4a6f4c
the-tcpdump-group/tcpdump,CVE-2017-12897,664,857ec6e800ec772f5a6b9f76268d189d70f000b6
the-tcpdump-group/tcpdump,CVE-2017-12897,664,be8e9c9deab085cbd32dc6fcfa400c483179ed7e
the-tcpdump-group/tcpdump,CVE-2017-12897,664,a7be3fdba438f8ea80586d2a00b23fb9a96d602c
the-tcpdump-group/tcpdump,CVE-2017-12897,664,8be5413f3a168bd9913ac7ab348404f5af54dd42
the-tcpdump-group/tcpdump,CVE-2017-12897,664,bd00116d80c18b782f4cb15dfc90cd5bf993d4f5
the-tcpdump-group/tcpdump,CVE-2017-13011,664,7f17c777dc99c872529d665c4be22257c379513a
troglobit/ssdp-responder,CVE-2019-14323,682,c82ca705427d00cdb573674e5641b0f90b50829a
troglobit/ssdp-responder,CVE-2019-14323,682,bd8273fef9b1a02f6c8dccf1c3ed9a30a10ea37f
troglobit/ssdp-responder,CVE-2019-14323,682,57aecb1630c6689d4f0a52e14cadf12468b87c40
vadz/libtiff,CVE-2016-10271,664,6b6496bb513826866bfd5fdc71f81566b7e5e924
vadz/libtiff,CVE-2016-10270,664,d651abc097d91fac57f33b5f9447d0a9183f58e7
vadz/libtiff,CVE-2016-10270,664,8abfb62289fa8a1b6175255c9d271a7e38ce10e4
vadz/libtiff,CVE-2016-10270,664,e9eae841076d3f0c9ead2eda457fad0ac494ebbb
vadz/libtiff,CVE-2016-10270,664,9a429af8fc5f182a14add1aed014362205a11ecb
vadz/libtiff,CVE-2016-9533,664,cee4d331365cd921ce5c688a31e29bcf845dea05
vadz/libtiff,CVE-2016-9533,664,c36d2d995675bbcaed317651dbb0e4a0ef7bc947
vadz/libtiff,CVE-2016-9533,664,f44135e22430b4ae59a44ef6dc4c3def2a169060
vadz/libtiff,CVE-2016-9533,664,99bd077d112596d12aef7b94cb898c79e2235e39
vadz/libtiff,CVE-2016-9535,664,f72f5d182ce50dcab1e4a890b6479ac250e2fac8
vadz/libtiff,CVE-2016-9535,664,3ffdfc02985f2b633b1fe71dd685d1e5a0151a03
vadz/libtiff,CVE-2016-9535,664,318d435b110001cb69ca4fa1c3625cab89bd4e58
vadz/libtiff,CVE-2016-9535,664,382bcf6c733b1457eee8040cdff3d61d719d9e9c
vadz/libtiff,CVE-2016-9535,664,e4f2fb75411b2da3d9125cd214b53e488abe583a
vadz/libtiff,CVE-2016-9535,664,7718dd67f2ac6e5a0761ab165de2f7146ea123b3
vadz/libtiff,CVE-2016-9535,664,3a53aeda63fe35b43882baa44ff93153192b55f0
vadz/libtiff,CVE-2016-9535,664,3ca657a8793dd011bf869695d72ad31c779c3cc1
vadz/libtiff,CVE-2016-9538,682,3791be834dfba9797700e6f86a864758d2ab82c0
vadz/libtiff,CVE-2016-9538,682,ffafb9831860f866c28333d75a993538197da9c3
vadz/libtiff,CVE-2016-10267,682,05709700374b6837da94b76c08d12c1f01cba383
vadz/libtiff,CVE-2016-10267,682,e54bb0c2eab07c494abf2290add28bca0653fd1b
vadz/libtiff,CVE-2016-10267,682,e86ab5116317419b340d65176df90929bf60e983
vadz/libtiff,CVE-2017-5225,664,43c0b81a818640429317c80fea1e66771e85024b
vadz/libtiff,CVE-2015-8784,664,662f74445b2fea2eeb759c6524661118aef567ca
vadz/libtiff,CVE-2015-8784,664,6a836be66e9ffa5a7a0631d5473423e26b87ca29
vadz/libtiff,CVE-2014-8130,682,7608943740bfd2327c8e918379ac6ae835a59e41
verdammelt/tnef,CVE-2017-6308,682,2cbea2e5e494e5067f3d798673a524d5be2b6fc7
verdammelt/tnef,CVE-2017-6308,682,c8bbb67bb1fbb34fa80b657333c0846bd0d6dc41
verdammelt/tnef,CVE-2017-6308,682,3bf66a203d96d3d6c2616ac08c74ef60465488e0
verdammelt/tnef,CVE-2017-6308,682,cb24206c025c1d0b463ed33479293ff03e8c99ba
verdammelt/tnef,CVE-2017-6310,664,dd152f348fedc55f67e51802bc9b917471bf4abb
verdammelt/tnef,CVE-2017-6310,664,a651790b74b4489e4744cd2ea11c3c6ac1c02e13
verdammelt/tnef,CVE-2017-6310,664,ff799eaac8daaf598af32775cd93a5fd002f58dc
verdammelt/tnef,CVE-2017-6310,664,a025f0a05b14f8063f4be596de2e5ed89902768f
vincentbernat/lldpd,CVE-2015-8012,691,6f8925bed5a1d203a925a68fc872bfa75dcb929b
vincentbernat/lldpd,CVE-2015-8012,691,e6b36c8751d167352fb16cf0d00fe6d4c19b07c1
weidai11/cryptopp,CVE-2017-9434,664,9b383e8a07ca323d95f1bd378698d1f2e2c37db9
weidai11/cryptopp,CVE-2017-9434,664,151ec518e8fe5341c916af070079597d17f960a6
weidai11/cryptopp,CVE-2017-9434,664,374b8a419f69291ebc13302aa10bc773194129e4
weidai11/cryptopp,CVE-2015-2141,664,837bc18cba61043c59a6f46654fba82642592601
wolfssl/wolfssl,CVE-2018-12436,664,5180cf4cce6dde46237b9b6f62eb266049caa822
wolfssl/wolfssl,CVE-2018-12436,664,68439d431759a379bdf77f4791e88f9e6bd125bb
wolfssl/wolfssl,CVE-2018-12436,664,6cc1fd293e70023460fbb28bb97457e1ba488442
wolfssl/wolfssl,CVE-2018-12436,664,f1ead309872c7f919bc1386d51f054a9d2644479
wolfssl/wolfssl,CVE-2018-12436,664,7a1acc7e569df0c1954f6e958218aaf1a876c3ac
wolfssl/wolfssl,CVE-2019-19962,693,6372c3d6e110a1fbdb277c0d045e367785575bff
wolfssl/wolfssl,CVE-2019-19962,693,fc02003f7654bb9e7880d8946f217fae054b3d0b
wolfssl/wolfssl,CVE-2019-19962,693,b870bad63ea390f024c3cb0eecb60c3c30b5c345
wolfssl/wolfssl,CVE-2019-19962,693,f692c8cefb850557bb635a891c57d1d878234396
wolfssl/wolfssl,CVE-2020-11735,693,e6c22fbd85e4cb78cdd290d10f5359bc5a08874b
wolfssl/wolfssl,CVE-2020-11735,693,a3a4f2d59cb9f36d56abdb88732382af98a5cd62
wolfssl/wolfssl,CVE-2020-11735,693,71f4d546a8131a83e5e441b24b2c7bff646ef359
wolfssl/wolfssl,CVE-2020-11735,693,90f8f67982df37ac0f415b065cee452977fa01c5
wolfssl/wolfssl,CVE-2020-11735,693,5703e5eadbbfab8d86167c9e56c02f46f601d62b
wolfssl/wolfssl,CVE-2020-11735,693,a5529b124db0de6ce3257f66180e93297ed925c5
yarolig/didiwiki,CVE-2013-7448,664,ea01d16c94d75661c75c199b97686bf8231488b4
yoe/nbd,CVE-2011-0530,664,501f9a21ebe15178f996e86d2c8fcf23e7b63aea
